--
-- PostgreSQL database dump
--

-- Dumped from database version 16.11
-- Dumped by pg_dump version 16.11 (Ubuntu 16.11-0ubuntu0.24.04.1)

SET statement_timeout = 0;
SET lock_timeout = 0;
SET idle_in_transaction_session_timeout = 0;
SET client_encoding = 'UTF8';
SET standard_conforming_strings = on;
SELECT pg_catalog.set_config('search_path', '', false);
SET check_function_bodies = false;
SET xmloption = content;
SET client_min_messages = warning;
SET row_security = off;

--
-- Name: uuid-ossp; Type: EXTENSION; Schema: -; Owner: -
--

CREATE EXTENSION IF NOT EXISTS "uuid-ossp" WITH SCHEMA public;


--
-- Name: EXTENSION "uuid-ossp"; Type: COMMENT; Schema: -; Owner: 
--

COMMENT ON EXTENSION "uuid-ossp" IS 'generate universally unique identifiers (UUIDs)';


SET default_tablespace = '';

SET default_table_access_method = heap;

--
-- Name: TB_2FA; Type: TABLE; Schema: public; Owner: root
--

CREATE TABLE public."TB_2FA" (
    "CO_ID_2FA" uuid DEFAULT gen_random_uuid() NOT NULL,
    "CO_ID_USUARIO" uuid NOT NULL,
    "DS_SECRET" character varying(500) NOT NULL,
    "DS_BACKUP_CODES" text,
    "DT_CRIACAO" timestamp without time zone DEFAULT CURRENT_TIMESTAMP,
    "DT_ATUALIZACAO" timestamp without time zone DEFAULT CURRENT_TIMESTAMP
);


ALTER TABLE public."TB_2FA" OWNER TO root;

--
-- Name: TB_AUDITORIA; Type: TABLE; Schema: public; Owner: root
--

CREATE TABLE public."TB_AUDITORIA" (
    "CO_ID_AUDITORIA" uuid DEFAULT gen_random_uuid() NOT NULL,
    "DS_ACAO" character varying(32) NOT NULL,
    "DS_TABELA" character varying(128) NOT NULL,
    "CO_ID_ENTIDADE" character varying(255),
    "DS_OBJETO_ANTES" text,
    "DS_OBJETO_DEPOIS" text,
    "CO_ID_USUARIO_AUDITORIA" character varying(255),
    "DS_ENDERECO_IP" character varying(255),
    "DT_CRIACAO" timestamp without time zone DEFAULT CURRENT_TIMESTAMP NOT NULL
);


ALTER TABLE public."TB_AUDITORIA" OWNER TO root;

--
-- Name: TB_CONTA; Type: TABLE; Schema: public; Owner: root
--

CREATE TABLE public."TB_CONTA" (
    "CO_ID_CONTA" uuid DEFAULT gen_random_uuid() NOT NULL,
    "CO_ID_USUARIO" uuid NOT NULL,
    "CO_ID_CONTA_EXTERNA" character varying(255) NOT NULL,
    "CO_ID_PROVEDOR" character varying(255) NOT NULL,
    "DS_TOKEN_ACESSO" character varying(500),
    "DS_TOKEN_ATUALIZACAO" character varying(500),
    "DS_TOKEN_IDENTIDADE" character varying(255),
    "DT_EXPIRACAO_TOKEN_ACESSO" timestamp without time zone,
    "DT_EXPIRACAO_TOKEN_ATUALIZACAO" timestamp without time zone,
    "DS_ESCOPO" character varying(500),
    "DS_SENHA" character varying(255),
    "DT_CRIACAO" timestamp without time zone DEFAULT CURRENT_TIMESTAMP,
    "DT_ATUALIZACAO" timestamp without time zone DEFAULT CURRENT_TIMESTAMP
);


ALTER TABLE public."TB_CONTA" OWNER TO root;

--
-- Name: TB_CONVITE; Type: TABLE; Schema: public; Owner: root
--

CREATE TABLE public."TB_CONVITE" (
    "CO_ID_CONVITE" uuid DEFAULT gen_random_uuid() NOT NULL,
    "CO_ID_ORGANIZACAO" uuid NOT NULL,
    "DS_EMAIL" character varying(255) NOT NULL,
    "TP_PERFIL" character varying(50) DEFAULT 'member'::character varying NOT NULL,
    "ST_SITUACAO" character varying(50) DEFAULT 'pending'::character varying NOT NULL,
    "DT_EXPIRACAO" timestamp without time zone NOT NULL,
    "CO_ID_USUARIO" uuid,
    "DT_CRIACAO" timestamp without time zone DEFAULT CURRENT_TIMESTAMP NOT NULL
);


ALTER TABLE public."TB_CONVITE" OWNER TO root;

--
-- Name: TB_FARMACIA; Type: TABLE; Schema: public; Owner: root
--

CREATE TABLE public."TB_FARMACIA" (
    "CO_SEQ_FARMACIA" bigint GENERATED BY DEFAULT AS IDENTITY NOT NULL,
    "NU_CNPJ" character varying(14) NOT NULL,
    "NU_CNPJ_MATRIZ" character varying(14),
    "NU_LICENCA" character varying(20),
    "NO_ORGAO_VIGILANCIA" character varying(50),
    "TP_EMPRESA" character varying(1),
    "NO_RAZAO_SOCIAL" character varying(100),
    "DS_ENDERECO" character varying(100),
    "NO_BAIRRO" character varying(120),
    "CO_MUNICIPIO_IBGE" character varying(6),
    "NU_CEP" character varying(8),
    "NU_DDD" character varying(4),
    "NU_TELEFONE" character varying(10),
    "DS_EMAIL" character varying(60),
    "NO_RESP_LEGAL" character varying(70),
    "NU_CPF_RESP_LEGAL" character varying(11),
    "NO_RESP_TECNICO" character varying(70),
    "NU_CPF_RESP_TECNICO" character varying(11),
    "NU_CRF" character varying(7),
    "SG_UF_CRF" character varying(2),
    "ST_FUNCIONAMENTO" character varying(1) NOT NULL,
    "CO_USUARIO_INCLUSAO" character varying(255) NOT NULL,
    "DT_INCLUSAO" timestamp without time zone DEFAULT CURRENT_TIMESTAMP NOT NULL,
    "CO_USUARIO_ALTERACAO" character varying(255) NOT NULL,
    "DT_ALTERACAO" timestamp without time zone DEFAULT CURRENT_TIMESTAMP NOT NULL,
    "NU_CNPJ_CONCENTRADOR" character varying(14),
    "NU_IDENTIFICADOR" character varying(6),
    "ST_CONCENTRADOR" character varying(1) DEFAULT 'N'::character varying,
    "TP_RECEBIMENTO_EMAIL" character varying(1),
    "NO_FANTASIA" character varying(120),
    "DT_PUBLICACAO_DOU" timestamp without time zone,
    "NU_PROCESSO_SIPAR" character varying(21),
    "ST_BLOQUEIO" character varying(1),
    "DT_BLOQUEIO" timestamp without time zone,
    "CO_MOTIVO_BLOQUEIO" integer,
    "ST_UNIDADE_PROPRIA" character varying(1) DEFAULT 'N'::character varying,
    "NU_REG_COMERCIAL" character varying(11),
    "EFETUA_VENDAS" character varying(1),
    "CUPOM_VINCULADO" character varying(1),
    "QT_BLOQUEIO" character varying(3),
    "DT_RENOV_RTA" timestamp without time zone,
    "DT_RECEB_MDS" timestamp without time zone,
    "NU_DDD2" character varying(4),
    "NU_TELEFONE2" character varying(10),
    "NU_DDD3" character varying(4),
    "NU_FAX" character varying(10),
    "NO_CONTATO" character varying(70),
    "NU_CPF_CONTATO" character varying(11),
    "NU_DDD_C" character varying(4),
    "NU_TELEFONE_C" character varying(10),
    "NU_CERTIDAO_INSS" character varying(18),
    "DT_VENCIMENTO_CND" timestamp without time zone,
    "DS_EMAIL_CONTATO" character varying(60),
    "DT_VENCIMENTO_AUTORIZACAO" timestamp without time zone,
    "CO_BANCO" character varying(3),
    "CO_AGENCIA_BANCARIA" character varying(6),
    "DS_ESFERA" character varying(1),
    "ST_EFETUA_VENDAS" character varying(1),
    "ST_CUPOM_VINCULADO" character varying(1),
    "NU_QTD_BLOQUEIO" character varying(3),
    "CO_CNAE" character varying(7),
    "TP_SOCIEDADE" character varying(80),
    "TP_LOGRADOURO" character varying(30),
    "NU_LOGRADOURO" character varying(7),
    "DS_COMPLEMENTO" character varying(160),
    "CO_FARMACIA_BLOQUEIO" integer,
    "ST_MIGRACAO" character varying(2),
    "DT_MIGRACAO" timestamp without time zone
);


ALTER TABLE public."TB_FARMACIA" OWNER TO root;

--
-- Name: TB_MOTIVO_CREDENCIAMENTO; Type: TABLE; Schema: public; Owner: root
--

CREATE TABLE public."TB_MOTIVO_CREDENCIAMENTO" (
    "CO_SEQ_DOM_MOTIVO_CRED" integer NOT NULL,
    "CO_MOTIVO_CRED" character varying(80) NOT NULL,
    "DS_MOTIVO_CRED" character varying(255) NOT NULL
);


ALTER TABLE public."TB_MOTIVO_CREDENCIAMENTO" OWNER TO root;

--
-- Name: TB_MOTIVO_CREDENCIAMENTO_CO_SEQ_DOM_MOTIVO_CRED_seq; Type: SEQUENCE; Schema: public; Owner: root
--

CREATE SEQUENCE public."TB_MOTIVO_CREDENCIAMENTO_CO_SEQ_DOM_MOTIVO_CRED_seq"
    AS integer
    START WITH 1
    INCREMENT BY 1
    NO MINVALUE
    NO MAXVALUE
    CACHE 1;


ALTER SEQUENCE public."TB_MOTIVO_CREDENCIAMENTO_CO_SEQ_DOM_MOTIVO_CRED_seq" OWNER TO root;

--
-- Name: TB_MOTIVO_CREDENCIAMENTO_CO_SEQ_DOM_MOTIVO_CRED_seq; Type: SEQUENCE OWNED BY; Schema: public; Owner: root
--

ALTER SEQUENCE public."TB_MOTIVO_CREDENCIAMENTO_CO_SEQ_DOM_MOTIVO_CRED_seq" OWNED BY public."TB_MOTIVO_CREDENCIAMENTO"."CO_SEQ_DOM_MOTIVO_CRED";


--
-- Name: TB_MOTIVO_CREDENCIAMENTO CO_SEQ_DOM_MOTIVO_CRED; Type: DEFAULT; Schema: public; Owner: root
--

ALTER TABLE ONLY public."TB_MOTIVO_CREDENCIAMENTO" ALTER COLUMN "CO_SEQ_DOM_MOTIVO_CRED" SET DEFAULT nextval('public."TB_MOTIVO_CREDENCIAMENTO_CO_SEQ_DOM_MOTIVO_CRED_seq"'::regclass);

--
-- Name: TB_FARMACIA_CREDENCIAMENTO; Type: TABLE; Schema: public; Owner: root
--

CREATE TABLE public."TB_FARMACIA_CREDENCIAMENTO" (
    "CO_SEQ_FARMACIA_CRED" bigint GENERATED BY DEFAULT AS IDENTITY NOT NULL,
    "CO_FARMACIA" bigint NOT NULL,
    "ST_SITUACAO_CRED" character varying(10) NOT NULL,
    "CO_MOTIVO_CRED" character varying(80),
    "DS_NUP_SIPAR" character varying(255) NOT NULL,
    "DT_PUBLICACAO_DOU" date NOT NULL,
    "NU_SECAO_DOU" character varying(50),
    "NU_PAGINA_INICIAL" integer,
    "NU_PAGINA_FINAL" integer,
    "DS_ANEXOS" jsonb,
    "DS_VERSAO_MAQUINA" character varying(50) NOT NULL DEFAULT 'CREDENCIAMENTO@1',
    "DS_XSTATE_SNAPSHOT" jsonb,
    "CO_USUARIO_ATUALIZACAO" uuid,
    "DT_ATUALIZACAO" timestamp with time zone,
    "NU_ROW_VERSION" integer NOT NULL DEFAULT 1
);


ALTER TABLE public."TB_FARMACIA_CREDENCIAMENTO" OWNER TO root;

--
-- Name: TB_MEMBRO; Type: TABLE; Schema: public; Owner: root
--

CREATE TABLE public."TB_MEMBRO" (
    "CO_ID_MEMBRO" uuid DEFAULT gen_random_uuid() NOT NULL,
    "CO_ID_ORGANIZACAO" uuid NOT NULL,
    "CO_ID_USUARIO" uuid NOT NULL,
    "TP_PERFIL" character varying(50) DEFAULT 'member'::character varying NOT NULL,
    "DT_CRIACAO" timestamp without time zone DEFAULT CURRENT_TIMESTAMP NOT NULL
);


ALTER TABLE public."TB_MEMBRO" OWNER TO root;

--
-- Name: TB_ORGANIZACAO; Type: TABLE; Schema: public; Owner: root
--

CREATE TABLE public."TB_ORGANIZACAO" (
    "CO_ID_ORGANIZACAO" uuid DEFAULT gen_random_uuid() NOT NULL,
    "NO_ORGANIZACAO" character varying(255) NOT NULL,
    "DS_SLUG" character varying(255),
    "IM_URL_LOGO" character varying(500),
    "DT_CRIACAO" timestamp without time zone DEFAULT CURRENT_TIMESTAMP NOT NULL,
    "DS_METADADOS" text
);


ALTER TABLE public."TB_ORGANIZACAO" OWNER TO root;

--
-- Name: TB_SESSAO; Type: TABLE; Schema: public; Owner: root
--

CREATE TABLE public."TB_SESSAO" (
    "CO_ID_SESSAO" uuid DEFAULT gen_random_uuid() NOT NULL,
    "CO_ID_USUARIO" uuid NOT NULL,
    "DS_TOKEN" character varying(500) NOT NULL,
    "DT_EXPIRACAO" timestamp without time zone NOT NULL,
    "DS_ENDERECO_IP" character varying(255),
    "DS_USER_AGENT" character varying(500),
    "CO_ID_USUARIO_IMPERSONANTE" uuid,
    "CO_ID_ORGANIZACAO_ATIVA" uuid
);


ALTER TABLE public."TB_SESSAO" OWNER TO root;

--
-- Name: TB_TRANSACAO_USUARIO; Type: TABLE; Schema: public; Owner: root
--

CREATE TABLE public."TB_TRANSACAO_USUARIO" (
    "CO_ID_TRANSACAO" uuid DEFAULT gen_random_uuid() NOT NULL,
    "DS_ROTA" character varying(1024) NOT NULL,
    "CO_ID_USUARIO_TRANSACAO" uuid,
    "DS_ENDERECO_IP" character varying(255),
    "DS_METODO" character varying(30),
    "DT_CRIACAO" timestamp without time zone DEFAULT CURRENT_TIMESTAMP NOT NULL
);


ALTER TABLE public."TB_TRANSACAO_USUARIO" OWNER TO root;

--
-- Name: TB_USUARIO; Type: TABLE; Schema: public; Owner: root
--

CREATE TABLE public."TB_USUARIO" (
    "CO_ID_USUARIO" uuid DEFAULT gen_random_uuid() NOT NULL,
    "DS_EMAIL" character varying(255) NOT NULL,
    "ST_EMAIL_VERIFICADO" boolean DEFAULT false,
    "NO_USUARIO" character varying(255),
    "IM_URL_IMAGEM" character varying(500),
    "DT_CRIACAO" timestamp without time zone DEFAULT CURRENT_TIMESTAMP NOT NULL,
    "DT_ATUALIZACAO" timestamp without time zone DEFAULT CURRENT_TIMESTAMP NOT NULL,
    "ST_2FA_HABILITADO" boolean DEFAULT false NOT NULL,
    "NO_PERFIL" character varying(50),
    "ST_BANIDO" boolean DEFAULT false NOT NULL,
    "DS_MOTIVO_BANIMENTO" character varying(255),
    "DT_EXPIRACAO_BANIMENTO" timestamp without time zone
);


ALTER TABLE public."TB_USUARIO" OWNER TO root;

--
-- Name: TB_VERIFICACAO; Type: TABLE; Schema: public; Owner: root
--

CREATE TABLE public."TB_VERIFICACAO" (
    "CO_ID_VERIFICACAO" uuid DEFAULT gen_random_uuid() NOT NULL,
    "DS_IDENTIFICADOR" character varying(255) NOT NULL,
    "DS_VALOR" character varying(500) NOT NULL,
    "DT_EXPIRACAO" timestamp without time zone NOT NULL,
    "DT_CRIACAO" timestamp without time zone DEFAULT CURRENT_TIMESTAMP,
    "DT_ATUALIZACAO" timestamp without time zone DEFAULT CURRENT_TIMESTAMP
);


ALTER TABLE public."TB_VERIFICACAO" OWNER TO root;

--
-- Name: migrations; Type: TABLE; Schema: public; Owner: root
--

CREATE TABLE public.migrations (
    id integer NOT NULL,
    "timestamp" bigint NOT NULL,
    name character varying NOT NULL
);


ALTER TABLE public.migrations OWNER TO root;

--
-- Name: migrations_id_seq; Type: SEQUENCE; Schema: public; Owner: root
--

CREATE SEQUENCE public.migrations_id_seq
    AS integer
    START WITH 1
    INCREMENT BY 1
    NO MINVALUE
    NO MAXVALUE
    CACHE 1;


ALTER SEQUENCE public.migrations_id_seq OWNER TO root;

--
-- Name: migrations_id_seq; Type: SEQUENCE OWNED BY; Schema: public; Owner: root
--

ALTER SEQUENCE public.migrations_id_seq OWNED BY public.migrations.id;


--
-- Name: migrations id; Type: DEFAULT; Schema: public; Owner: root
--

ALTER TABLE ONLY public.migrations ALTER COLUMN id SET DEFAULT nextval('public.migrations_id_seq'::regclass);


--
-- Data for Name: TB_2FA; Type: TABLE DATA; Schema: public; Owner: root
--

COPY public."TB_2FA" ("CO_ID_2FA", "CO_ID_USUARIO", "DS_SECRET", "DS_BACKUP_CODES", "DT_CRIACAO", "DT_ATUALIZACAO") FROM stdin;
\.


--
-- Data for Name: TB_AUDITORIA; Type: TABLE DATA; Schema: public; Owner: root
--

COPY public."TB_AUDITORIA" ("CO_ID_AUDITORIA", "DS_ACAO", "DS_TABELA", "CO_ID_ENTIDADE", "DS_OBJETO_ANTES", "DS_OBJETO_DEPOIS", "CO_ID_USUARIO_AUDITORIA", "DS_ENDERECO_IP", "DT_CRIACAO") FROM stdin;
89bde4ce-bd0a-495f-a60a-ee61f440a629	INSERT	TB_USUARIO	c84783ad-d8f4-4749-9e1b-398580bcf3e5	\N	{"email":"masterfp@fp.com.br","emailVerified":false,"name":"Master","image":"https://github.com/shadcn.png","createdAt":"2025-12-10T14:42:33.868Z","updatedAt":"2025-12-10T14:42:33.868Z","twoFactorEnabled":false,"role":"user","banned":false,"banReason":null,"banExpires":null,"id":"c84783ad-d8f4-4749-9e1b-398580bcf3e5"}	\N	\N	2025-12-10 14:42:33.870087
f5caf0a0-7173-4c93-82c5-c0e5b5c4abbb	INSERT	TB_CONTA	5e06462f-1aed-4a35-8f55-4d21ae9bccbc	\N	{"userId":"c84783ad-d8f4-4749-9e1b-398580bcf3e5","accountId":"c84783ad-d8f4-4749-9e1b-398580bcf3e5","providerId":"credential","password":"5d2ab181178871d346b6ec083ffea6e8:1c3f8658c723813e94dd2a3af0cc985cfca4dc5f5fd47ac28f5452e5eeede5e32a2065daf62b3c3702e271db133d30f5eedf7998559bbff1c12fb4cf563f9f41","createdAt":"2025-12-10T14:42:33.912Z","updatedAt":"2025-12-10T14:42:33.912Z","accessToken":null,"refreshToken":null,"idToken":null,"accessTokenExpiresAt":null,"refreshTokenExpiresAt":null,"scope":null,"id":"5e06462f-1aed-4a35-8f55-4d21ae9bccbc"}	\N	\N	2025-12-10 14:42:33.913803
d738d36b-e6e9-4fb9-b7b4-1ea2c8a3f43a	INSERT	TB_ORGANIZACAO	6b08c9dd-354b-49f9-a2bd-704bbd4030f1	\N	{"name":"Gestão Farmácia Popular","slug":"GFP","createdAt":"2025-12-10T14:45:12.210Z","logo":null,"metadata":null,"id":"6b08c9dd-354b-49f9-a2bd-704bbd4030f1"}	\N	\N	2025-12-10 14:45:12.211575
709a6c96-8de2-4a8c-8de5-264344cad67a	INSERT	TB_MEMBRO	ab4bf91a-db99-4771-9467-c986dcb7adfe	\N	{"organizationId":"6b08c9dd-354b-49f9-a2bd-704bbd4030f1","userId":"c84783ad-d8f4-4749-9e1b-398580bcf3e5","role":"owner","createdAt":"2025-12-10T14:45:12.222Z","id":"ab4bf91a-db99-4771-9467-c986dcb7adfe"}	\N	\N	2025-12-10 14:45:12.222911
6493b9a7-5a71-4460-8904-656d1cdfff07	INSERT	TB_USUARIO	ea6370eb-cc09-4927-9e22-0915a7f2c95f	\N	{"email":"analistafp@fp.com.br","emailVerified":false,"name":"Analista","createdAt":"2025-12-10T14:45:54.150Z","updatedAt":"2025-12-10T14:45:54.150Z","twoFactorEnabled":false,"role":"analistaFp","banned":false,"image":null,"banReason":null,"banExpires":null,"id":"ea6370eb-cc09-4927-9e22-0915a7f2c95f"}	\N	\N	2025-12-10 14:45:54.150931
07e8eb4e-9bdc-45d7-ac17-6bcb768b28f2	INSERT	TB_CONTA	03887835-4597-46a2-85f3-34389c7355d3	\N	{"userId":"ea6370eb-cc09-4927-9e22-0915a7f2c95f","accountId":"ea6370eb-cc09-4927-9e22-0915a7f2c95f","providerId":"credential","password":"af8388f312296faf76708255361aaf86:e31b075182647f30bb143952beb0ddbd62291f6e3c6da69722f9bb5f3db7bc9a2075aef4e1098dac20e365d5af75b03e998dac0bb3b9f338b00001fcc33d25c9","createdAt":"2025-12-10T14:45:54.269Z","updatedAt":"2025-12-10T14:45:54.269Z","accessToken":null,"refreshToken":null,"idToken":null,"accessTokenExpiresAt":null,"refreshTokenExpiresAt":null,"scope":null,"id":"03887835-4597-46a2-85f3-34389c7355d3"}	\N	\N	2025-12-10 14:45:54.270482
39ff0259-6aed-4138-ae0c-734021adf845	INSERT	TB_CONVITE	e339adff-7451-48b4-89b8-d1a395e5a0ad	\N	{"organizationId":"6b08c9dd-354b-49f9-a2bd-704bbd4030f1","email":"analistafp@fp.com.br","role":"analistaFp","status":"pending","expiresAt":"2025-12-12T14:46:38.362Z","inviterId":"c84783ad-d8f4-4749-9e1b-398580bcf3e5","id":"e339adff-7451-48b4-89b8-d1a395e5a0ad","createdAt":"2025-12-10T17:46:38.362Z"}	\N	\N	2025-12-10 14:46:38.362613
d941b545-1def-4d81-8f76-49d901a6aa90	INSERT	TB_MEMBRO	92fca001-ea7a-4a77-bb7b-631995785b6d	\N	{"organizationId":"6b08c9dd-354b-49f9-a2bd-704bbd4030f1","userId":"ea6370eb-cc09-4927-9e22-0915a7f2c95f","role":"analistaFp","createdAt":"2025-12-10T14:46:38.372Z","id":"92fca001-ea7a-4a77-bb7b-631995785b6d"}	\N	\N	2025-12-10 14:46:38.373012
11223410-72e9-4964-aa51-0511c1dff006	UPDATE	TB_CONVITE	e339adff-7451-48b4-89b8-d1a395e5a0ad	{"id":"e339adff-7451-48b4-89b8-d1a395e5a0ad","organizationId":"6b08c9dd-354b-49f9-a2bd-704bbd4030f1","email":"analistafp@fp.com.br","role":"analistaFp","status":"pending","expiresAt":"2025-12-12T14:46:38.362Z","inviterId":"c84783ad-d8f4-4749-9e1b-398580bcf3e5","createdAt":"2025-12-10T17:46:38.362Z"}	{"id":"e339adff-7451-48b4-89b8-d1a395e5a0ad","organizationId":"6b08c9dd-354b-49f9-a2bd-704bbd4030f1","email":"analistafp@fp.com.br","role":"analistaFp","status":"accepted","expiresAt":"2025-12-12T14:46:38.362Z","inviterId":"c84783ad-d8f4-4749-9e1b-398580bcf3e5","createdAt":"2025-12-10T17:46:38.362Z"}	\N	\N	2025-12-10 14:46:38.379096
0e249d0a-a26a-4576-9fa2-75a2cb749463	INSERT	TB_USUARIO	38c5609a-5734-470d-8770-4626ee5487e6	\N	{"email":"financeirofp@fp.com.br","emailVerified":false,"name":"Financeiro","createdAt":"2025-12-10T14:47:52.225Z","updatedAt":"2025-12-10T14:47:52.225Z","twoFactorEnabled":false,"role":"financeiroFp","banned":false,"image":null,"banReason":null,"banExpires":null,"id":"38c5609a-5734-470d-8770-4626ee5487e6"}	\N	\N	2025-12-10 14:47:52.225417
d8261e3e-c694-4fe9-a3d5-840e8826262e	INSERT	TB_CONTA	e43ddaec-9029-453e-a1de-780d9dd7b6d1	\N	{"userId":"38c5609a-5734-470d-8770-4626ee5487e6","accountId":"38c5609a-5734-470d-8770-4626ee5487e6","providerId":"credential","password":"07ed1b6cdb3fcf3bece2b70ab52855d1:7265de31a7dffbc45822e752e68029d22514963e3f956c5c7383697b67b41c50a7a610450d1eb82ef2ac6ad1f98a330ce2ac96747140756dd5fd6b80f01ad6aa","createdAt":"2025-12-10T14:47:52.345Z","updatedAt":"2025-12-10T14:47:52.345Z","accessToken":null,"refreshToken":null,"idToken":null,"accessTokenExpiresAt":null,"refreshTokenExpiresAt":null,"scope":null,"id":"e43ddaec-9029-453e-a1de-780d9dd7b6d1"}	\N	\N	2025-12-10 14:47:52.345817
3ad0f6af-b1b1-45b6-b7c7-638fd2acfabc	INSERT	TB_CONVITE	136ff271-74b1-445b-968c-e7669e3200e5	\N	{"organizationId":"6b08c9dd-354b-49f9-a2bd-704bbd4030f1","email":"financeirofp@fp.com.br","role":"financeiroFp","status":"pending","expiresAt":"2025-12-12T14:48:31.363Z","inviterId":"c84783ad-d8f4-4749-9e1b-398580bcf3e5","id":"136ff271-74b1-445b-968c-e7669e3200e5","createdAt":"2025-12-10T17:48:31.363Z"}	\N	\N	2025-12-10 14:48:31.363863
2001bff3-f485-4ddb-9b6b-8aed71cef9b1	INSERT	TB_MEMBRO	822e876b-c959-4f52-a806-22c4deef697c	\N	{"organizationId":"6b08c9dd-354b-49f9-a2bd-704bbd4030f1","userId":"38c5609a-5734-470d-8770-4626ee5487e6","role":"financeiroFp","createdAt":"2025-12-10T14:48:31.373Z","id":"822e876b-c959-4f52-a806-22c4deef697c"}	\N	\N	2025-12-10 14:48:31.373876
a7c4ec7b-0821-490c-9743-fbda30ebbb6b	UPDATE	TB_CONVITE	136ff271-74b1-445b-968c-e7669e3200e5	{"id":"136ff271-74b1-445b-968c-e7669e3200e5","organizationId":"6b08c9dd-354b-49f9-a2bd-704bbd4030f1","email":"financeirofp@fp.com.br","role":"financeiroFp","status":"pending","expiresAt":"2025-12-12T14:48:31.363Z","inviterId":"c84783ad-d8f4-4749-9e1b-398580bcf3e5","createdAt":"2025-12-10T17:48:31.363Z"}	{"id":"136ff271-74b1-445b-968c-e7669e3200e5","organizationId":"6b08c9dd-354b-49f9-a2bd-704bbd4030f1","email":"financeirofp@fp.com.br","role":"financeiroFp","status":"accepted","expiresAt":"2025-12-12T14:48:31.363Z","inviterId":"c84783ad-d8f4-4749-9e1b-398580bcf3e5","createdAt":"2025-12-10T17:48:31.363Z"}	\N	\N	2025-12-10 14:48:31.381686
d1a25ac2-a62d-4bf4-93d5-b191d31032fa	INSERT	TB_USUARIO	b3000c0d-c55c-41a7-80f7-e55cb39213b2	\N	{"email":"consultafp@fp.com.br","emailVerified":false,"name":"Consulta","createdAt":"2025-12-10T14:48:52.323Z","updatedAt":"2025-12-10T14:48:52.323Z","twoFactorEnabled":false,"role":"consultaFp","banned":false,"image":null,"banReason":null,"banExpires":null,"id":"b3000c0d-c55c-41a7-80f7-e55cb39213b2"}	\N	\N	2025-12-10 14:48:52.32413
8f6e5560-3801-440e-bb25-6e1384118e42	INSERT	TB_CONTA	7fd568bf-6a76-44b9-9f62-313e86197fb6	\N	{"userId":"b3000c0d-c55c-41a7-80f7-e55cb39213b2","accountId":"b3000c0d-c55c-41a7-80f7-e55cb39213b2","providerId":"credential","password":"127da243f69109fdcb2e9b4b518931b3:27a2ae6f0c0be28bc87729c5e8b8a03aa7dba82de9af9fd98eb900baea4f03d17722a98196c9c9545b37ea10a5398d4bab87c69c285f0304645623a0b9b8db86","createdAt":"2025-12-10T14:48:52.436Z","updatedAt":"2025-12-10T14:48:52.436Z","accessToken":null,"refreshToken":null,"idToken":null,"accessTokenExpiresAt":null,"refreshTokenExpiresAt":null,"scope":null,"id":"7fd568bf-6a76-44b9-9f62-313e86197fb6"}	\N	\N	2025-12-10 14:48:52.436781
021c0623-d504-4674-a74d-85a4b2fd3947	INSERT	TB_CONVITE	58592adc-ea75-4115-ab5f-4b991cf5250e	\N	{"organizationId":"6b08c9dd-354b-49f9-a2bd-704bbd4030f1","email":"consultafp@fp.com.br","role":"consultaFp","status":"pending","expiresAt":"2025-12-12T14:49:12.643Z","inviterId":"c84783ad-d8f4-4749-9e1b-398580bcf3e5","id":"58592adc-ea75-4115-ab5f-4b991cf5250e","createdAt":"2025-12-10T17:49:12.643Z"}	\N	\N	2025-12-10 14:49:12.643922
783216b7-3dc9-4473-9e15-4384b9451e29	INSERT	TB_MEMBRO	3f698cc9-b6e7-414b-969b-a3ee0ed93e06	\N	{"organizationId":"6b08c9dd-354b-49f9-a2bd-704bbd4030f1","userId":"b3000c0d-c55c-41a7-80f7-e55cb39213b2","role":"consultaFp","createdAt":"2025-12-10T14:49:12.646Z","id":"3f698cc9-b6e7-414b-969b-a3ee0ed93e06"}	\N	\N	2025-12-10 14:49:12.646875
89874438-757d-4110-a928-7b11df9ea3a9	UPDATE	TB_CONVITE	58592adc-ea75-4115-ab5f-4b991cf5250e	{"id":"58592adc-ea75-4115-ab5f-4b991cf5250e","organizationId":"6b08c9dd-354b-49f9-a2bd-704bbd4030f1","email":"consultafp@fp.com.br","role":"consultaFp","status":"pending","expiresAt":"2025-12-12T14:49:12.643Z","inviterId":"c84783ad-d8f4-4749-9e1b-398580bcf3e5","createdAt":"2025-12-10T17:49:12.643Z"}	{"id":"58592adc-ea75-4115-ab5f-4b991cf5250e","organizationId":"6b08c9dd-354b-49f9-a2bd-704bbd4030f1","email":"consultafp@fp.com.br","role":"consultaFp","status":"accepted","expiresAt":"2025-12-12T14:49:12.643Z","inviterId":"c84783ad-d8f4-4749-9e1b-398580bcf3e5","createdAt":"2025-12-10T17:49:12.643Z"}	\N	\N	2025-12-10 14:49:12.650444
40ad4fa1-9e19-41ad-9cc2-583303b56c8a	INSERT	TB_ORGANIZACAO	8572737e-4f82-475e-9a77-32a2fe62f3fc	\N	{"name":"Farmácia Pague Menos Bessa","slug":"FPMB","createdAt":"2025-12-10T14:50:20.105Z","logo":null,"metadata":null,"id":"8572737e-4f82-475e-9a77-32a2fe62f3fc"}	\N	\N	2025-12-10 14:50:20.105276
a871e7a8-3080-452a-b4ea-77a124f5ec06	INSERT	TB_MEMBRO	c8ef7d32-04a7-4590-b873-12043ac11259	\N	{"organizationId":"8572737e-4f82-475e-9a77-32a2fe62f3fc","userId":"c84783ad-d8f4-4749-9e1b-398580bcf3e5","role":"owner","createdAt":"2025-12-10T14:50:20.113Z","id":"c8ef7d32-04a7-4590-b873-12043ac11259"}	\N	\N	2025-12-10 14:50:20.114289
95b9f90f-96fc-4896-a979-c300b22c5f58	INSERT	TB_USUARIO	58e46456-7697-4cd5-aec5-da9a914c8cea	\N	{"email":"representantelegalfpmb@fp.com.br","emailVerified":false,"name":"Representante Legal","createdAt":"2025-12-10T14:51:28.741Z","updatedAt":"2025-12-10T14:51:28.741Z","twoFactorEnabled":false,"role":"representanteLegal","banned":false,"image":null,"banReason":null,"banExpires":null,"id":"58e46456-7697-4cd5-aec5-da9a914c8cea"}	\N	\N	2025-12-10 14:51:28.741736
92d364b1-7d39-4ac1-9684-d195986d7853	INSERT	TB_CONTA	5ee52a51-ca68-4d7f-9219-73a07e4633f6	\N	{"userId":"58e46456-7697-4cd5-aec5-da9a914c8cea","accountId":"58e46456-7697-4cd5-aec5-da9a914c8cea","providerId":"credential","password":"d35c6b0a823b6c9e16399031eb09d896:6c0f8e866dbf38656248c43faa86b425de4ae9ab930a6343f11c161642b7e29b64e735d80745e1de25f39b6bd1727ff6c308570efd302dad0041728f6aa4e578","createdAt":"2025-12-10T14:51:28.855Z","updatedAt":"2025-12-10T14:51:28.855Z","accessToken":null,"refreshToken":null,"idToken":null,"accessTokenExpiresAt":null,"refreshTokenExpiresAt":null,"scope":null,"id":"5ee52a51-ca68-4d7f-9219-73a07e4633f6"}	\N	\N	2025-12-10 14:51:28.855712
6586ba16-3a78-463d-a80c-540d48d6d2ef	INSERT	TB_CONVITE	c96abab3-999e-4794-a196-a9f3140a2ef0	\N	{"organizationId":"8572737e-4f82-475e-9a77-32a2fe62f3fc","email":"representantelegalfpmb@fp.com.br","role":"representanteLegal","status":"pending","expiresAt":"2025-12-12T14:52:26.250Z","inviterId":"c84783ad-d8f4-4749-9e1b-398580bcf3e5","id":"c96abab3-999e-4794-a196-a9f3140a2ef0","createdAt":"2025-12-10T17:52:26.250Z"}	\N	\N	2025-12-10 14:52:26.250722
0174332b-4beb-4be6-8e70-01fe040101a0	INSERT	TB_MEMBRO	0442c066-465a-46b1-b35b-bec6c0403097	\N	{"organizationId":"8572737e-4f82-475e-9a77-32a2fe62f3fc","userId":"58e46456-7697-4cd5-aec5-da9a914c8cea","role":"representanteLegal","createdAt":"2025-12-10T14:52:26.260Z","id":"0442c066-465a-46b1-b35b-bec6c0403097"}	\N	\N	2025-12-10 14:52:26.260878
a0dd590a-a1e3-440e-950a-40becd5dab04	UPDATE	TB_CONVITE	c96abab3-999e-4794-a196-a9f3140a2ef0	{"id":"c96abab3-999e-4794-a196-a9f3140a2ef0","organizationId":"8572737e-4f82-475e-9a77-32a2fe62f3fc","email":"representantelegalfpmb@fp.com.br","role":"representanteLegal","status":"pending","expiresAt":"2025-12-12T14:52:26.250Z","inviterId":"c84783ad-d8f4-4749-9e1b-398580bcf3e5","createdAt":"2025-12-10T17:52:26.250Z"}	{"id":"c96abab3-999e-4794-a196-a9f3140a2ef0","organizationId":"8572737e-4f82-475e-9a77-32a2fe62f3fc","email":"representantelegalfpmb@fp.com.br","role":"representanteLegal","status":"accepted","expiresAt":"2025-12-12T14:52:26.250Z","inviterId":"c84783ad-d8f4-4749-9e1b-398580bcf3e5","createdAt":"2025-12-10T17:52:26.250Z"}	\N	\N	2025-12-10 14:52:26.266515
1c9d57db-8091-4f8b-a243-878f21afe9c2	INSERT	TB_USUARIO	704c870b-6635-4cbf-bcfd-8176f0ef6277	\N	{"email":"gestorfpmb@fp.com.br","emailVerified":false,"name":"Gestor Farmacia Pague Menos","createdAt":"2025-12-10T14:53:05.451Z","updatedAt":"2025-12-10T14:53:05.451Z","twoFactorEnabled":false,"role":"gestor","banned":false,"image":null,"banReason":null,"banExpires":null,"id":"704c870b-6635-4cbf-bcfd-8176f0ef6277"}	\N	\N	2025-12-10 14:53:05.451403
ff8e85d4-9cb1-469b-bb80-971dd7cee0be	INSERT	TB_CONTA	e2e3f5ce-4793-4247-9f89-dc37923281b6	\N	{"userId":"704c870b-6635-4cbf-bcfd-8176f0ef6277","accountId":"704c870b-6635-4cbf-bcfd-8176f0ef6277","providerId":"credential","password":"0dd84995978c993fd124b57099b3f834:22829a96d797012963d0418d96e5465f59d62f44c1f2a2e067b7b798d20944a40f7596b2f89e9b3a35ae799ee403948b0ca1d70a66898ff30e0d2c4b687257b0","createdAt":"2025-12-10T14:53:05.563Z","updatedAt":"2025-12-10T14:53:05.563Z","accessToken":null,"refreshToken":null,"idToken":null,"accessTokenExpiresAt":null,"refreshTokenExpiresAt":null,"scope":null,"id":"e2e3f5ce-4793-4247-9f89-dc37923281b6"}	\N	\N	2025-12-10 14:53:05.563608
e7a0c149-2128-4c5c-9eef-79109980ed60	INSERT	TB_CONVITE	76496674-9b86-4454-9575-393dd2f10ea5	\N	{"organizationId":"8572737e-4f82-475e-9a77-32a2fe62f3fc","email":"gestorfpmb@fp.com.br","role":"gestor","status":"pending","expiresAt":"2025-12-12T14:53:22.741Z","inviterId":"c84783ad-d8f4-4749-9e1b-398580bcf3e5","id":"76496674-9b86-4454-9575-393dd2f10ea5","createdAt":"2025-12-10T17:53:22.741Z"}	\N	\N	2025-12-10 14:53:22.74161
64fdd065-f564-4bfc-a995-9de2a27b39c1	INSERT	TB_MEMBRO	064aa9d6-a694-4d84-88e0-427fa7b2ff05	\N	{"organizationId":"8572737e-4f82-475e-9a77-32a2fe62f3fc","userId":"704c870b-6635-4cbf-bcfd-8176f0ef6277","role":"gestor","createdAt":"2025-12-10T14:53:22.752Z","id":"064aa9d6-a694-4d84-88e0-427fa7b2ff05"}	\N	\N	2025-12-10 14:53:22.752299
afef0491-6317-4f6a-81f6-398802921623	UPDATE	TB_CONVITE	76496674-9b86-4454-9575-393dd2f10ea5	{"id":"76496674-9b86-4454-9575-393dd2f10ea5","organizationId":"8572737e-4f82-475e-9a77-32a2fe62f3fc","email":"gestorfpmb@fp.com.br","role":"gestor","status":"pending","expiresAt":"2025-12-12T14:53:22.741Z","inviterId":"c84783ad-d8f4-4749-9e1b-398580bcf3e5","createdAt":"2025-12-10T17:53:22.741Z"}	{"id":"76496674-9b86-4454-9575-393dd2f10ea5","organizationId":"8572737e-4f82-475e-9a77-32a2fe62f3fc","email":"gestorfpmb@fp.com.br","role":"gestor","status":"accepted","expiresAt":"2025-12-12T14:53:22.741Z","inviterId":"c84783ad-d8f4-4749-9e1b-398580bcf3e5","createdAt":"2025-12-10T17:53:22.741Z"}	\N	\N	2025-12-10 14:53:22.758672
1795e56f-6efd-45ab-aac0-7b0a1d47a987	UPDATE	TB_ORGANIZACAO	8572737e-4f82-475e-9a77-32a2fe62f3fc	{"id":"8572737e-4f82-475e-9a77-32a2fe62f3fc","name":"Farmácia Pague Menos Bessa","slug":"FPMB","logo":null,"createdAt":"2025-12-10T14:50:20.105Z","metadata":null}	{"id":"8572737e-4f82-475e-9a77-32a2fe62f3fc","name":"Farmácia Pague Menos Bessa","slug":"FPMB","logo":null,"createdAt":"2025-12-10T14:50:20.105Z","metadata":"{\\"cnpj\\":\\"12345678000190\\",\\"name\\":\\"Farmácia Pague Menos Bessa\\"}"}	\N	\N	2025-12-10 18:24:27.466355
83f6f35e-f0b4-42e3-8286-189a39ed369c	INSERT	TB_USUARIO	e3fe48cb-158b-400e-9cda-44449a843fdb	\N	{"email":"vendedor1fpmb@fp.com.br","emailVerified":false,"name":"Vendedor Um Farmacia Pague Menos","createdAt":"2025-12-10T14:54:05.269Z","updatedAt":"2025-12-10T14:54:05.269Z","twoFactorEnabled":false,"role":"vendedor","banned":false,"image":null,"banReason":null,"banExpires":null,"id":"e3fe48cb-158b-400e-9cda-44449a843fdb"}	\N	\N	2025-12-10 14:54:05.269592
bf14bf3b-34fb-4c7d-8278-41c8a21b2f75	INSERT	TB_CONTA	7d712abe-ecd7-4564-923e-eb8a4e2a9783	\N	{"userId":"e3fe48cb-158b-400e-9cda-44449a843fdb","accountId":"e3fe48cb-158b-400e-9cda-44449a843fdb","providerId":"credential","password":"2fc271b9652a445cb4377acb6af63d9b:c738910f92831f88c5129b1bcb48d367b5cd5bf4f882f761aef93cdc29f2565a6bf37a413ec5bf59286acc665299a3947b2ceffb91fed66059d9f6cd6da143d9","createdAt":"2025-12-10T14:54:05.385Z","updatedAt":"2025-12-10T14:54:05.385Z","accessToken":null,"refreshToken":null,"idToken":null,"accessTokenExpiresAt":null,"refreshTokenExpiresAt":null,"scope":null,"id":"7d712abe-ecd7-4564-923e-eb8a4e2a9783"}	\N	\N	2025-12-10 14:54:05.386141
f203206e-43bc-4356-bb96-3954166f609e	INSERT	TB_CONVITE	bd50f690-8699-413d-bd08-076b667e7ca0	\N	{"organizationId":"8572737e-4f82-475e-9a77-32a2fe62f3fc","email":"vendedor1fpmb@fp.com.br","role":"vendedor","status":"pending","expiresAt":"2025-12-12T14:54:55.464Z","inviterId":"c84783ad-d8f4-4749-9e1b-398580bcf3e5","id":"bd50f690-8699-413d-bd08-076b667e7ca0","createdAt":"2025-12-10T17:54:55.464Z"}	\N	\N	2025-12-10 14:54:55.464459
3672faec-3f61-46ba-92a5-ebe6216487d8	INSERT	TB_MEMBRO	4aca827b-c2e4-42bc-b462-f78afef57adc	\N	{"organizationId":"8572737e-4f82-475e-9a77-32a2fe62f3fc","userId":"e3fe48cb-158b-400e-9cda-44449a843fdb","role":"vendedor","createdAt":"2025-12-10T14:54:55.474Z","id":"4aca827b-c2e4-42bc-b462-f78afef57adc"}	\N	\N	2025-12-10 14:54:55.474646
4f63af9c-76f3-4e46-8e4a-04965ed0ea62	UPDATE	TB_CONVITE	bd50f690-8699-413d-bd08-076b667e7ca0	{"id":"bd50f690-8699-413d-bd08-076b667e7ca0","organizationId":"8572737e-4f82-475e-9a77-32a2fe62f3fc","email":"vendedor1fpmb@fp.com.br","role":"vendedor","status":"pending","expiresAt":"2025-12-12T14:54:55.464Z","inviterId":"c84783ad-d8f4-4749-9e1b-398580bcf3e5","createdAt":"2025-12-10T17:54:55.464Z"}	{"id":"bd50f690-8699-413d-bd08-076b667e7ca0","organizationId":"8572737e-4f82-475e-9a77-32a2fe62f3fc","email":"vendedor1fpmb@fp.com.br","role":"vendedor","status":"accepted","expiresAt":"2025-12-12T14:54:55.464Z","inviterId":"c84783ad-d8f4-4749-9e1b-398580bcf3e5","createdAt":"2025-12-10T17:54:55.464Z"}	\N	\N	2025-12-10 14:54:55.480185
\.


--
-- Data for Name: TB_CONTA; Type: TABLE DATA; Schema: public; Owner: root
--

COPY public."TB_CONTA" ("CO_ID_CONTA", "CO_ID_USUARIO", "CO_ID_CONTA_EXTERNA", "CO_ID_PROVEDOR", "DS_TOKEN_ACESSO", "DS_TOKEN_ATUALIZACAO", "DS_TOKEN_IDENTIDADE", "DT_EXPIRACAO_TOKEN_ACESSO", "DT_EXPIRACAO_TOKEN_ATUALIZACAO", "DS_ESCOPO", "DS_SENHA", "DT_CRIACAO", "DT_ATUALIZACAO") FROM stdin;
5e06462f-1aed-4a35-8f55-4d21ae9bccbc	c84783ad-d8f4-4749-9e1b-398580bcf3e5	c84783ad-d8f4-4749-9e1b-398580bcf3e5	credential	\N	\N	\N	\N	\N	\N	5d2ab181178871d346b6ec083ffea6e8:1c3f8658c723813e94dd2a3af0cc985cfca4dc5f5fd47ac28f5452e5eeede5e32a2065daf62b3c3702e271db133d30f5eedf7998559bbff1c12fb4cf563f9f41	2025-12-10 11:42:33.912	2025-12-10 11:42:33.912
03887835-4597-46a2-85f3-34389c7355d3	ea6370eb-cc09-4927-9e22-0915a7f2c95f	ea6370eb-cc09-4927-9e22-0915a7f2c95f	credential	\N	\N	\N	\N	\N	\N	af8388f312296faf76708255361aaf86:e31b075182647f30bb143952beb0ddbd62291f6e3c6da69722f9bb5f3db7bc9a2075aef4e1098dac20e365d5af75b03e998dac0bb3b9f338b00001fcc33d25c9	2025-12-10 11:45:54.269	2025-12-10 11:45:54.269
e43ddaec-9029-453e-a1de-780d9dd7b6d1	38c5609a-5734-470d-8770-4626ee5487e6	38c5609a-5734-470d-8770-4626ee5487e6	credential	\N	\N	\N	\N	\N	\N	07ed1b6cdb3fcf3bece2b70ab52855d1:7265de31a7dffbc45822e752e68029d22514963e3f956c5c7383697b67b41c50a7a610450d1eb82ef2ac6ad1f98a330ce2ac96747140756dd5fd6b80f01ad6aa	2025-12-10 11:47:52.345	2025-12-10 11:47:52.345
7fd568bf-6a76-44b9-9f62-313e86197fb6	b3000c0d-c55c-41a7-80f7-e55cb39213b2	b3000c0d-c55c-41a7-80f7-e55cb39213b2	credential	\N	\N	\N	\N	\N	\N	127da243f69109fdcb2e9b4b518931b3:27a2ae6f0c0be28bc87729c5e8b8a03aa7dba82de9af9fd98eb900baea4f03d17722a98196c9c9545b37ea10a5398d4bab87c69c285f0304645623a0b9b8db86	2025-12-10 11:48:52.436	2025-12-10 11:48:52.436
5ee52a51-ca68-4d7f-9219-73a07e4633f6	58e46456-7697-4cd5-aec5-da9a914c8cea	58e46456-7697-4cd5-aec5-da9a914c8cea	credential	\N	\N	\N	\N	\N	\N	d35c6b0a823b6c9e16399031eb09d896:6c0f8e866dbf38656248c43faa86b425de4ae9ab930a6343f11c161642b7e29b64e735d80745e1de25f39b6bd1727ff6c308570efd302dad0041728f6aa4e578	2025-12-10 11:51:28.855	2025-12-10 11:51:28.855
e2e3f5ce-4793-4247-9f89-dc37923281b6	704c870b-6635-4cbf-bcfd-8176f0ef6277	704c870b-6635-4cbf-bcfd-8176f0ef6277	credential	\N	\N	\N	\N	\N	\N	0dd84995978c993fd124b57099b3f834:22829a96d797012963d0418d96e5465f59d62f44c1f2a2e067b7b798d20944a40f7596b2f89e9b3a35ae799ee403948b0ca1d70a66898ff30e0d2c4b687257b0	2025-12-10 11:53:05.563	2025-12-10 11:53:05.563
7d712abe-ecd7-4564-923e-eb8a4e2a9783	e3fe48cb-158b-400e-9cda-44449a843fdb	e3fe48cb-158b-400e-9cda-44449a843fdb	credential	\N	\N	\N	\N	\N	\N	2fc271b9652a445cb4377acb6af63d9b:c738910f92831f88c5129b1bcb48d367b5cd5bf4f882f761aef93cdc29f2565a6bf37a413ec5bf59286acc665299a3947b2ceffb91fed66059d9f6cd6da143d9	2025-12-10 11:54:05.385	2025-12-10 11:54:05.385
\.


--
-- Data for Name: TB_CONVITE; Type: TABLE DATA; Schema: public; Owner: root
--

COPY public."TB_CONVITE" ("CO_ID_CONVITE", "CO_ID_ORGANIZACAO", "DS_EMAIL", "TP_PERFIL", "ST_SITUACAO", "DT_EXPIRACAO", "CO_ID_USUARIO", "DT_CRIACAO") FROM stdin;
e339adff-7451-48b4-89b8-d1a395e5a0ad	6b08c9dd-354b-49f9-a2bd-704bbd4030f1	analistafp@fp.com.br	analistaFp	accepted	2025-12-12 11:46:38.362	c84783ad-d8f4-4749-9e1b-398580bcf3e5	2025-12-10 14:46:38.362613
136ff271-74b1-445b-968c-e7669e3200e5	6b08c9dd-354b-49f9-a2bd-704bbd4030f1	financeirofp@fp.com.br	financeiroFp	accepted	2025-12-12 11:48:31.363	c84783ad-d8f4-4749-9e1b-398580bcf3e5	2025-12-10 14:48:31.363863
58592adc-ea75-4115-ab5f-4b991cf5250e	6b08c9dd-354b-49f9-a2bd-704bbd4030f1	consultafp@fp.com.br	consultaFp	accepted	2025-12-12 11:49:12.643	c84783ad-d8f4-4749-9e1b-398580bcf3e5	2025-12-10 14:49:12.643922
c96abab3-999e-4794-a196-a9f3140a2ef0	8572737e-4f82-475e-9a77-32a2fe62f3fc	representantelegalfpmb@fp.com.br	representanteLegal	accepted	2025-12-12 11:52:26.25	c84783ad-d8f4-4749-9e1b-398580bcf3e5	2025-12-10 14:52:26.250722
76496674-9b86-4454-9575-393dd2f10ea5	8572737e-4f82-475e-9a77-32a2fe62f3fc	gestorfpmb@fp.com.br	gestor	accepted	2025-12-12 11:53:22.741	c84783ad-d8f4-4749-9e1b-398580bcf3e5	2025-12-10 14:53:22.74161
bd50f690-8699-413d-bd08-076b667e7ca0	8572737e-4f82-475e-9a77-32a2fe62f3fc	vendedor1fpmb@fp.com.br	vendedor	accepted	2025-12-12 11:54:55.464	c84783ad-d8f4-4749-9e1b-398580bcf3e5	2025-12-10 14:54:55.464459
\.


--
-- Data for Name: TB_FARMACIA; Type: TABLE DATA; Schema: public; Owner: root
--

COPY public."TB_FARMACIA" ("CO_SEQ_FARMACIA", "NU_CNPJ", "NU_CNPJ_MATRIZ", "NU_LICENCA", "NO_ORGAO_VIGILANCIA", "TP_EMPRESA", "NO_RAZAO_SOCIAL", "DS_ENDERECO", "NO_BAIRRO", "CO_MUNICIPIO_IBGE", "NU_CEP", "NU_DDD", "NU_TELEFONE", "DS_EMAIL", "NO_RESP_LEGAL", "NU_CPF_RESP_LEGAL", "NO_RESP_TECNICO", "NU_CPF_RESP_TECNICO", "NU_CRF", "SG_UF_CRF", "ST_FUNCIONAMENTO", "CO_USUARIO_INCLUSAO", "DT_INCLUSAO", "CO_USUARIO_ALTERACAO", "DT_ALTERACAO", "NU_CNPJ_CONCENTRADOR", "NU_IDENTIFICADOR", "ST_CONCENTRADOR", "TP_RECEBIMENTO_EMAIL", "NO_FANTASIA", "DT_PUBLICACAO_DOU", "NU_PROCESSO_SIPAR", "ST_BLOQUEIO", "DT_BLOQUEIO", "CO_MOTIVO_BLOQUEIO", "ST_UNIDADE_PROPRIA", "NU_REG_COMERCIAL", "EFETUA_VENDAS", "CUPOM_VINCULADO", "QT_BLOQUEIO", "DT_RENOV_RTA", "DT_RECEB_MDS", "NU_DDD2", "NU_TELEFONE2", "NU_DDD3", "NU_FAX", "NO_CONTATO", "NU_CPF_CONTATO", "NU_DDD_C", "NU_TELEFONE_C", "NU_CERTIDAO_INSS", "DT_VENCIMENTO_CND", "DS_EMAIL_CONTATO", "DT_VENCIMENTO_AUTORIZACAO", "CO_BANCO", "CO_AGENCIA_BANCARIA", "DS_ESFERA", "ST_EFETUA_VENDAS", "ST_CUPOM_VINCULADO", "NU_QTD_BLOQUEIO", "CO_CNAE", "TP_SOCIEDADE", "TP_LOGRADOURO", "NU_LOGRADOURO", "DS_COMPLEMENTO", "CO_FARMACIA_BLOQUEIO", "ST_MIGRACAO", "DT_MIGRACAO") FROM stdin;
1	12345678000190	\N	\N	\N	\N	\N	\N	\N	\N	\N	\N	\N	\N	\N	\N	\N	\N	\N	\N	A	c84783ad-d8f4-4749-9e1b-398580bcf3e5	2025-12-10 00:00:00	c84783ad-d8f4-4749-9e1b-398580bcf3e5	2025-12-10 15:20:47	\N	\N	N	\N	Farmácia Pague Menos Bessa	\N	\N	\N	\N	\N	N	\N	\N	\N	\N	\N	\N	\N	\N	\N	\N	\N	\N	\N	\N	\N	\N	\N	\N	\N	\N	\N	\N	\N	\N	\N	\N	\N	\N	\N	\N	\N	\N
2	98765432000111	\N	\N	\N	\N	\N	\N	\N	\N	\N	\N	\N	\N	\N	\N	\N	\N	\N	\N	I	c84783ad-d8f4-4749-9e1b-398580bcf3e5	2025-12-10 00:00:00	c84783ad-d8f4-4749-9e1b-398580bcf3e5	2025-12-10 15:20:47	\N	\N	N	\N	Farmácia Temporária Bloqueada	\N	\N	\N	\N	\N	N	\N	\N	\N	\N	\N	\N	\N	\N	\N	\N	\N	\N	\N	\N	\N	\N	\N	\N	\N	\N	\N	\N	\N	\N	\N	\N	\N	\N	\N	\N	\N	\N
3	11111111000122	\N	\N	\N	\N	\N	\N	\N	\N	\N	\N	\N	\N	\N	\N	\N	\N	\N	\N	I	c84783ad-d8f4-4749-9e1b-398580bcf3e5	2025-12-10 00:00:00	c84783ad-d8f4-4749-9e1b-398580bcf3e5	2025-12-10 15:20:47	\N	\N	N	\N	Farmácia Descredenciada Permanente	\N	\N	\N	\N	\N	N	\N	\N	\N	\N	\N	\N	\N	\N	\N	\N	\N	\N	\N	\N	\N	\N	\N	\N	\N	\N	\N	\N	\N	\N	\N	\N	\N	\N	\N	\N	\N	\N
\.


--
-- Data for Name: TB_MOTIVO_CREDENCIAMENTO; Type: TABLE DATA; Schema: public; Owner: root
--

COPY public."TB_MOTIVO_CREDENCIAMENTO" ("CO_SEQ_DOM_MOTIVO_CRED", "CO_MOTIVO_CRED", "DS_MOTIVO_CRED") FROM stdin;
1	REGULARIDADE	Farmácia em situação regular
2	NAO_RENOVOU_RTA	Farmácia não renovou RTA (Renovação de Termo Adesão)
3	DESCREDENCIAMENTO_POR_BAIXA_CNPJ	Descredenciamento por baixa de CNPJ
4	DIVERGENCIA_CADASTRAL	Divergência cadastral
5	MONITORAMENTO	Em monitoramento
6	ENVIADO_AO_DENASUS	Enviado ao DENASUS
7	DESCREDENCIAMENTO_PROPRIO	Descredenciamento próprio
8	DESCREDENCIAMENTO_POR_IRREGULARIDADES	Descredenciamento por irregularidades
9	DESCREDENCIAMENTO_POR_FUSAO_INCORPORACAO	Descredenciamento por fusão/incorporação
10	DESCREDENCIAMENTO_POR_NAO_HOMOLOGACAO	Descredenciamento por não homologação
11	INATIVACAO_POR_DECISAO_JUDICIAL	Inativação por decisão judicial
12	ATIVACAO_POR_DECISAO_JUDICIAL	Ativação por decisão judicial
13	RECREDENCIAMENTO	Recredenciamento
14	PENDENCIA_FINANCEIRA	Pendência financeira
\.


--
-- Data for Name: TB_FARMACIA_CREDENCIAMENTO; Type: TABLE DATA; Schema: public; Owner: root
--

COPY public."TB_FARMACIA_CREDENCIAMENTO" ("CO_SEQ_FARMACIA_CRED", "CO_FARMACIA", "ST_SITUACAO_CRED", "CO_MOTIVO_CRED", "DS_NUP_SIPAR", "DT_PUBLICACAO_DOU", "NU_SECAO_DOU", "NU_PAGINA_INICIAL", "NU_PAGINA_FINAL", "DS_ANEXOS", "DS_VERSAO_MAQUINA", "DS_XSTATE_SNAPSHOT", "CO_USUARIO_ATUALIZACAO", "DT_ATUALIZACAO", "NU_ROW_VERSION") FROM stdin;
1	1	ATIVA	REGULARIDADE	NUP12345678901234567	2024-01-15	1	10	11	\N	CREDENCIAMENTO@1	\N	c84783ad-d8f4-4749-9e1b-398580bcf3e5	2024-01-15 10:00:00+00	1
2	2	INATIVA	NAO_RENOVOU_RTA	NUP98765432109876543	2024-06-01	2	25	26	\N	CREDENCIAMENTO@1	\N	c84783ad-d8f4-4749-9e1b-398580bcf3e5	2024-06-01 14:30:00+00	1
3	3	INATIVA	DESCREDENCIAMENTO_POR_BAIXA_CNPJ	NUP11122233344455566	2024-03-10	3	50	51	\N	CREDENCIAMENTO@1	\N	c84783ad-d8f4-4749-9e1b-398580bcf3e5	2024-03-10 09:15:00+00	1
\.


--
-- Data for Name: TB_MEMBRO; Type: TABLE DATA; Schema: public; Owner: root
--

COPY public."TB_MEMBRO" ("CO_ID_MEMBRO", "CO_ID_ORGANIZACAO", "CO_ID_USUARIO", "TP_PERFIL", "DT_CRIACAO") FROM stdin;
ab4bf91a-db99-4771-9467-c986dcb7adfe	6b08c9dd-354b-49f9-a2bd-704bbd4030f1	c84783ad-d8f4-4749-9e1b-398580bcf3e5	owner	2025-12-10 11:45:12.222
92fca001-ea7a-4a77-bb7b-631995785b6d	6b08c9dd-354b-49f9-a2bd-704bbd4030f1	ea6370eb-cc09-4927-9e22-0915a7f2c95f	analistaFp	2025-12-10 11:46:38.372
822e876b-c959-4f52-a806-22c4deef697c	6b08c9dd-354b-49f9-a2bd-704bbd4030f1	38c5609a-5734-470d-8770-4626ee5487e6	financeiroFp	2025-12-10 11:48:31.373
3f698cc9-b6e7-414b-969b-a3ee0ed93e06	6b08c9dd-354b-49f9-a2bd-704bbd4030f1	b3000c0d-c55c-41a7-80f7-e55cb39213b2	consultaFp	2025-12-10 11:49:12.646
c8ef7d32-04a7-4590-b873-12043ac11259	8572737e-4f82-475e-9a77-32a2fe62f3fc	c84783ad-d8f4-4749-9e1b-398580bcf3e5	owner	2025-12-10 11:50:20.113
0442c066-465a-46b1-b35b-bec6c0403097	8572737e-4f82-475e-9a77-32a2fe62f3fc	58e46456-7697-4cd5-aec5-da9a914c8cea	representanteLegal	2025-12-10 11:52:26.26
064aa9d6-a694-4d84-88e0-427fa7b2ff05	8572737e-4f82-475e-9a77-32a2fe62f3fc	704c870b-6635-4cbf-bcfd-8176f0ef6277	gestor	2025-12-10 11:53:22.752
4aca827b-c2e4-42bc-b462-f78afef57adc	8572737e-4f82-475e-9a77-32a2fe62f3fc	e3fe48cb-158b-400e-9cda-44449a843fdb	vendedor	2025-12-10 11:54:55.474
\.


--
-- Data for Name: TB_ORGANIZACAO; Type: TABLE DATA; Schema: public; Owner: root
--

COPY public."TB_ORGANIZACAO" ("CO_ID_ORGANIZACAO", "NO_ORGANIZACAO", "DS_SLUG", "IM_URL_LOGO", "DT_CRIACAO", "DS_METADADOS") FROM stdin;
6b08c9dd-354b-49f9-a2bd-704bbd4030f1	Gestão Farmácia Popular	GFP	\N	2025-12-10 11:45:12.21	\N
8572737e-4f82-475e-9a77-32a2fe62f3fc	Farmácia Pague Menos Bessa	FPMB	\N	2025-12-10 11:50:20.105	{"cnpj":"12345678000190","name":"Farmácia Pague Menos Bessa"}
\.


--
-- Data for Name: TB_SESSAO; Type: TABLE DATA; Schema: public; Owner: root
--

COPY public."TB_SESSAO" ("CO_ID_SESSAO", "CO_ID_USUARIO", "DS_TOKEN", "DT_EXPIRACAO", "DS_ENDERECO_IP", "DS_USER_AGENT", "CO_ID_USUARIO_IMPERSONANTE", "CO_ID_ORGANIZACAO_ATIVA") FROM stdin;
a2b322b5-535d-47a8-abaf-bcc164e40246	c84783ad-d8f4-4749-9e1b-398580bcf3e5	kXj5lvacnHL4C9Qn800KQ9DgskTTRhLm	2025-12-17 11:42:33.939	127.0.0.1	Mozilla/5.0 (X11; Linux x86_64) AppleWebKit/537.36 (KHTML, like Gecko) Chrome/142.0.0.0 Safari/537.36	\N	8572737e-4f82-475e-9a77-32a2fe62f3fc
c9551e53-de0d-4d08-898d-f5dab0f4e366	704c870b-6635-4cbf-bcfd-8176f0ef6277	Z2mMEvMxrFZMEUTe5AKIrP4rrdcduCiZ	2025-12-17 16:11:09.63	127.0.0.1	Mozilla/5.0 (X11; Linux x86_64) AppleWebKit/537.36 (KHTML, like Gecko) Chrome/142.0.0.0 Safari/537.36	\N	\N
c1ebf96c-06cd-4d02-9c56-3afa3c701b30	c84783ad-d8f4-4749-9e1b-398580bcf3e5	0g2DMSS0uSpC8fb2qf7JTiHV19jMEDZG	2025-12-17 16:17:33.251	127.0.0.1	Mozilla/5.0 (X11; Linux x86_64) AppleWebKit/537.36 (KHTML, like Gecko) Chrome/142.0.0.0 Safari/537.36	\N	8572737e-4f82-475e-9a77-32a2fe62f3fc
220eb13f-130e-42a0-9b4d-ef69f5ad3d45	704c870b-6635-4cbf-bcfd-8176f0ef6277	NX4xOSLg3a1RAR9DUGMk0wDLVmPbeGa7	2025-12-17 16:30:36.06	127.0.0.1	Mozilla/5.0 (X11; Linux x86_64) AppleWebKit/537.36 (KHTML, like Gecko) Chrome/142.0.0.0 Safari/537.36	\N	8572737e-4f82-475e-9a77-32a2fe62f3fc
\.


--
-- Data for Name: TB_TRANSACAO_USUARIO; Type: TABLE DATA; Schema: public; Owner: root
--

COPY public."TB_TRANSACAO_USUARIO" ("CO_ID_TRANSACAO", "DS_ROTA", "CO_ID_USUARIO_TRANSACAO", "DS_ENDERECO_IP", "DS_METODO", "DT_CRIACAO") FROM stdin;
\.


--
-- Data for Name: TB_USUARIO; Type: TABLE DATA; Schema: public; Owner: root
--

COPY public."TB_USUARIO" ("CO_ID_USUARIO", "DS_EMAIL", "ST_EMAIL_VERIFICADO", "NO_USUARIO", "IM_URL_IMAGEM", "DT_CRIACAO", "DT_ATUALIZACAO", "ST_2FA_HABILITADO", "NO_PERFIL", "ST_BANIDO", "DS_MOTIVO_BANIMENTO", "DT_EXPIRACAO_BANIMENTO") FROM stdin;
c84783ad-d8f4-4749-9e1b-398580bcf3e5	masterfp@fp.com.br	f	Master	https://github.com/shadcn.png	2025-12-10 11:42:33.868	2025-12-10 11:42:33.868	f	masterFp	f	\N	\N
ea6370eb-cc09-4927-9e22-0915a7f2c95f	analistafp@fp.com.br	f	Analista	\N	2025-12-10 11:45:54.15	2025-12-10 11:45:54.15	f	user	f	\N	\N
38c5609a-5734-470d-8770-4626ee5487e6	financeirofp@fp.com.br	f	Financeiro	\N	2025-12-10 11:47:52.225	2025-12-10 11:47:52.225	f	user	f	\N	\N
b3000c0d-c55c-41a7-80f7-e55cb39213b2	consultafp@fp.com.br	f	Consulta	\N	2025-12-10 11:48:52.323	2025-12-10 11:48:52.323	f	user	f	\N	\N
58e46456-7697-4cd5-aec5-da9a914c8cea	representantelegalfpmb@fp.com.br	f	Representante Legal	\N	2025-12-10 11:51:28.741	2025-12-10 11:51:28.741	f	user	f	\N	\N
704c870b-6635-4cbf-bcfd-8176f0ef6277	gestorfpmb@fp.com.br	f	Gestor Farmacia Pague Menos	\N	2025-12-10 11:53:05.451	2025-12-10 11:53:05.451	f	user	f	\N	\N
e3fe48cb-158b-400e-9cda-44449a843fdb	vendedor1fpmb@fp.com.br	f	Vendedor Um Farmacia Pague Menos	\N	2025-12-10 11:54:05.269	2025-12-10 11:54:05.269	f	user	f	\N	\N
\.


--
-- Data for Name: TB_VERIFICACAO; Type: TABLE DATA; Schema: public; Owner: root
--

COPY public."TB_VERIFICACAO" ("CO_ID_VERIFICACAO", "DS_IDENTIFICADOR", "DS_VALOR", "DT_EXPIRACAO", "DT_CRIACAO", "DT_ATUALIZACAO") FROM stdin;
\.


--
-- Data for Name: migrations; Type: TABLE DATA; Schema: public; Owner: root
--

COPY public.migrations (id, "timestamp", name) FROM stdin;
1	1760646933071	BetterAuthTables1760646933071
2	1762823018169	AuditTables1762823018169
3	1762832254210	UserTransactionTables1762832254210
4	1763636263126	PharmacysTable1763636263126
\.


--
-- Name: migrations_id_seq; Type: SEQUENCE SET; Schema: public; Owner: root
--

SELECT pg_catalog.setval('public.migrations_id_seq', 4, true);


--
-- Name: TB_MOTIVO_CREDENCIAMENTO_CO_SEQ_DOM_MOTIVO_CRED_seq; Type: SEQUENCE SET; Schema: public; Owner: root
--

SELECT pg_catalog.setval('public."TB_MOTIVO_CREDENCIAMENTO_CO_SEQ_DOM_MOTIVO_CRED_seq"', 14, true);


--
-- Name: TB_SESSAO PK_49adc2c17a0bebeed1da1366a55; Type: CONSTRAINT; Schema: public; Owner: root
--

ALTER TABLE ONLY public."TB_SESSAO"
    ADD CONSTRAINT "PK_49adc2c17a0bebeed1da1366a55" PRIMARY KEY ("CO_ID_SESSAO");


--
-- Name: TB_2FA PK_59c743389ab574f87ae2e231162; Type: CONSTRAINT; Schema: public; Owner: root
--

ALTER TABLE ONLY public."TB_2FA"
    ADD CONSTRAINT "PK_59c743389ab574f87ae2e231162" PRIMARY KEY ("CO_ID_2FA");


--
-- Name: TB_ORGANIZACAO PK_5e84d92fd8f9691c9d07c4d4a74; Type: CONSTRAINT; Schema: public; Owner: root
--

ALTER TABLE ONLY public."TB_ORGANIZACAO"
    ADD CONSTRAINT "PK_5e84d92fd8f9691c9d07c4d4a74" PRIMARY KEY ("CO_ID_ORGANIZACAO");


--
-- Name: TB_USUARIO PK_6917632b73f242284906642abf9; Type: CONSTRAINT; Schema: public; Owner: root
--

ALTER TABLE ONLY public."TB_USUARIO"
    ADD CONSTRAINT "PK_6917632b73f242284906642abf9" PRIMARY KEY ("CO_ID_USUARIO");


--
-- Name: TB_MOTIVO_CREDENCIAMENTO PK_9874408050d0a6900d51e033e5f; Type: CONSTRAINT; Schema: public; Owner: root
--

ALTER TABLE ONLY public."TB_MOTIVO_CREDENCIAMENTO"
    ADD CONSTRAINT "PK_9874408050d0a6900d51e033e5f" PRIMARY KEY ("CO_SEQ_DOM_MOTIVO_CRED");


--
-- Name: TB_FARMACIA_CREDENCIAMENTO PK_8d858ee00d9660cd51ded6232f3; Type: CONSTRAINT; Schema: public; Owner: root
--

ALTER TABLE ONLY public."TB_FARMACIA_CREDENCIAMENTO"
    ADD CONSTRAINT "PK_8d858ee00d9660cd51ded6232f3" PRIMARY KEY ("CO_SEQ_FARMACIA_CRED");


--
-- Name: TB_FARMACIA PK_c25fd48ad34644edccea4dc40df; Type: CONSTRAINT; Schema: public; Owner: root
--

ALTER TABLE ONLY public."TB_FARMACIA"
    ADD CONSTRAINT "PK_c25fd48ad34644edccea4dc40df" PRIMARY KEY ("CO_SEQ_FARMACIA");


--
-- Name: TB_VERIFICACAO PK_81d4e56e2d16c2ac93d96b1b0f1; Type: CONSTRAINT; Schema: public; Owner: root
--

ALTER TABLE ONLY public."TB_VERIFICACAO"
    ADD CONSTRAINT "PK_81d4e56e2d16c2ac93d96b1b0f1" PRIMARY KEY ("CO_ID_VERIFICACAO");


--
-- Name: TB_TRANSACAO_USUARIO PK_83f2248c99b066f1ed9408073cb; Type: CONSTRAINT; Schema: public; Owner: root
--

ALTER TABLE ONLY public."TB_TRANSACAO_USUARIO"
    ADD CONSTRAINT "PK_83f2248c99b066f1ed9408073cb" PRIMARY KEY ("CO_ID_TRANSACAO");


--
-- Name: migrations PK_8c82d7f526340ab734260ea46be; Type: CONSTRAINT; Schema: public; Owner: root
--

ALTER TABLE ONLY public.migrations
    ADD CONSTRAINT "PK_8c82d7f526340ab734260ea46be" PRIMARY KEY (id);


--
-- Name: TB_AUDITORIA PK_c7aeca3237062b35384810b7486; Type: CONSTRAINT; Schema: public; Owner: root
--

ALTER TABLE ONLY public."TB_AUDITORIA"
    ADD CONSTRAINT "PK_c7aeca3237062b35384810b7486" PRIMARY KEY ("CO_ID_AUDITORIA");


--
-- Name: TB_MEMBRO PK_d818a6f617dfb9681aba3f2f5f3; Type: CONSTRAINT; Schema: public; Owner: root
--

ALTER TABLE ONLY public."TB_MEMBRO"
    ADD CONSTRAINT "PK_d818a6f617dfb9681aba3f2f5f3" PRIMARY KEY ("CO_ID_MEMBRO");


--
-- Name: TB_CONTA PK_dab6cfb5baf479d83db5f96ce9c; Type: CONSTRAINT; Schema: public; Owner: root
--

ALTER TABLE ONLY public."TB_CONTA"
    ADD CONSTRAINT "PK_dab6cfb5baf479d83db5f96ce9c" PRIMARY KEY ("CO_ID_CONTA");


--
-- Name: TB_CONVITE PK_e3f446570a182f02b87303651b0; Type: CONSTRAINT; Schema: public; Owner: root
--

ALTER TABLE ONLY public."TB_CONVITE"
    ADD CONSTRAINT "PK_e3f446570a182f02b87303651b0" PRIMARY KEY ("CO_ID_CONVITE");


--
-- Name: TB_SESSAO UQ_79ff926fdbbfa67381d0f990f19; Type: CONSTRAINT; Schema: public; Owner: root
--

ALTER TABLE ONLY public."TB_SESSAO"
    ADD CONSTRAINT "UQ_79ff926fdbbfa67381d0f990f19" UNIQUE ("DS_TOKEN");


--
-- Name: TB_USUARIO UQ_dbe2da2896a996db6c2f1f327d9; Type: CONSTRAINT; Schema: public; Owner: root
--

ALTER TABLE ONLY public."TB_USUARIO"
    ADD CONSTRAINT "UQ_dbe2da2896a996db6c2f1f327d9" UNIQUE ("DS_EMAIL");


--
-- Name: TB_ORGANIZACAO UQ_f501f550d59014cd05741d87b2e; Type: CONSTRAINT; Schema: public; Owner: root
--

ALTER TABLE ONLY public."TB_ORGANIZACAO"
    ADD CONSTRAINT "UQ_f501f550d59014cd05741d87b2e" UNIQUE ("DS_SLUG");


--
-- Name: TB_FARMACIA UQ_7737db16f908866a049c1aae729; Type: CONSTRAINT; Schema: public; Owner: root
--

ALTER TABLE ONLY public."TB_FARMACIA"
    ADD CONSTRAINT "UQ_7737db16f908866a049c1aae729" UNIQUE ("NU_CNPJ");


--
-- Name: TB_FARMACIA_CREDENCIAMENTO UK_TB_FARMACIA_CRED_CO_FARMACIA; Type: CONSTRAINT; Schema: public; Owner: root
--

ALTER TABLE ONLY public."TB_FARMACIA_CREDENCIAMENTO"
    ADD CONSTRAINT "UK_TB_FARMACIA_CRED_CO_FARMACIA" UNIQUE ("CO_FARMACIA");


--
-- Name: TB_MOTIVO_CREDENCIAMENTO IDX_184c3a2d02de0469258582257c; Type: INDEX; Schema: public; Owner: root
--

CREATE UNIQUE INDEX "IDX_184c3a2d02de0469258582257c" ON public."TB_MOTIVO_CREDENCIAMENTO" USING btree ("CO_MOTIVO_CRED");


--
-- Name: IDX_3d102e3078c55711649cdcf3d7; Type: INDEX; Schema: public; Owner: root
--

CREATE INDEX "IDX_3d102e3078c55711649cdcf3d7" ON public."TB_MEMBRO" USING btree ("CO_ID_USUARIO");


--
-- Name: IDX_40881067762d7053bed97d7743; Type: INDEX; Schema: public; Owner: root
--

CREATE INDEX "IDX_40881067762d7053bed97d7743" ON public."TB_MEMBRO" USING btree ("CO_ID_ORGANIZACAO");


--
-- Name: IDX_4b32c75259648e1833c43a884c; Type: INDEX; Schema: public; Owner: root
--

CREATE INDEX "IDX_4b32c75259648e1833c43a884c" ON public."TB_VERIFICACAO" USING btree ("DS_IDENTIFICADOR");


--
-- Name: IDX_56b9dd53f8f670658c8bc689b4; Type: INDEX; Schema: public; Owner: root
--

CREATE INDEX "IDX_56b9dd53f8f670658c8bc689b4" ON public."TB_2FA" USING btree ("CO_ID_USUARIO");


--
-- Name: IDX_5e74176e65242ec959720ae00a; Type: INDEX; Schema: public; Owner: root
--

CREATE INDEX "IDX_5e74176e65242ec959720ae00a" ON public."TB_SESSAO" USING btree ("CO_ID_USUARIO");


--
-- Name: IDX_6702d2db1cb43ffbaf14f32e92; Type: INDEX; Schema: public; Owner: root
--

CREATE INDEX "IDX_6702d2db1cb43ffbaf14f32e92" ON public."TB_TRANSACAO_USUARIO" USING btree ("CO_ID_USUARIO_TRANSACAO");


--
-- Name: IDX_974f6d8986346f501e4815e834; Type: INDEX; Schema: public; Owner: root
--

CREATE INDEX "IDX_974f6d8986346f501e4815e834" ON public."TB_CONTA" USING btree ("CO_ID_USUARIO");


--
-- Name: IDX_b69aaa1f5772dd77fe40d058f7; Type: INDEX; Schema: public; Owner: root
--

CREATE INDEX "IDX_b69aaa1f5772dd77fe40d058f7" ON public."TB_AUDITORIA" USING btree ("CO_ID_USUARIO_AUDITORIA");


--
-- Name: IDX_d783bb0e4b9bf969ebe560a9ad; Type: INDEX; Schema: public; Owner: root
--

CREATE INDEX "IDX_d783bb0e4b9bf969ebe560a9ad" ON public."TB_CONVITE" USING btree ("DS_EMAIL");


--
-- Name: IDX_f13cffdc26f9766b998971fc2a; Type: INDEX; Schema: public; Owner: root
--

CREATE INDEX "IDX_f13cffdc26f9766b998971fc2a" ON public."TB_CONVITE" USING btree ("CO_ID_ORGANIZACAO");


--
-- Name: TB_MEMBRO FK_3d102e3078c55711649cdcf3d7e; Type: FK CONSTRAINT; Schema: public; Owner: root
--

ALTER TABLE ONLY public."TB_MEMBRO"
    ADD CONSTRAINT "FK_3d102e3078c55711649cdcf3d7e" FOREIGN KEY ("CO_ID_USUARIO") REFERENCES public."TB_USUARIO"("CO_ID_USUARIO") ON DELETE CASCADE;


--
-- Name: TB_MEMBRO FK_40881067762d7053bed97d77431; Type: FK CONSTRAINT; Schema: public; Owner: root
--

ALTER TABLE ONLY public."TB_MEMBRO"
    ADD CONSTRAINT "FK_40881067762d7053bed97d77431" FOREIGN KEY ("CO_ID_ORGANIZACAO") REFERENCES public."TB_ORGANIZACAO"("CO_ID_ORGANIZACAO") ON DELETE CASCADE;


--
-- Name: TB_2FA FK_56b9dd53f8f670658c8bc689b45; Type: FK CONSTRAINT; Schema: public; Owner: root
--

ALTER TABLE ONLY public."TB_2FA"
    ADD CONSTRAINT "FK_56b9dd53f8f670658c8bc689b45" FOREIGN KEY ("CO_ID_USUARIO") REFERENCES public."TB_USUARIO"("CO_ID_USUARIO") ON DELETE CASCADE;


--
-- Name: TB_SESSAO FK_5e74176e65242ec959720ae00ab; Type: FK CONSTRAINT; Schema: public; Owner: root
--

ALTER TABLE ONLY public."TB_SESSAO"
    ADD CONSTRAINT "FK_5e74176e65242ec959720ae00ab" FOREIGN KEY ("CO_ID_USUARIO") REFERENCES public."TB_USUARIO"("CO_ID_USUARIO") ON DELETE CASCADE;


--
-- Name: TB_CONTA FK_974f6d8986346f501e4815e8349; Type: FK CONSTRAINT; Schema: public; Owner: root
--

ALTER TABLE ONLY public."TB_CONTA"
    ADD CONSTRAINT "FK_974f6d8986346f501e4815e8349" FOREIGN KEY ("CO_ID_USUARIO") REFERENCES public."TB_USUARIO"("CO_ID_USUARIO") ON DELETE CASCADE;


--
-- Name: TB_CONVITE FK_f13cffdc26f9766b998971fc2ab; Type: FK CONSTRAINT; Schema: public; Owner: root
--

ALTER TABLE ONLY public."TB_CONVITE"
    ADD CONSTRAINT "FK_f13cffdc26f9766b998971fc2ab" FOREIGN KEY ("CO_ID_ORGANIZACAO") REFERENCES public."TB_ORGANIZACAO"("CO_ID_ORGANIZACAO") ON DELETE CASCADE;


--
-- Name: TB_FARMACIA_CREDENCIAMENTO FK_07bbfbefb91ab21032726ba72b3; Type: FK CONSTRAINT; Schema: public; Owner: root
--

ALTER TABLE ONLY public."TB_FARMACIA_CREDENCIAMENTO"
    ADD CONSTRAINT "FK_07bbfbefb91ab21032726ba72b3" FOREIGN KEY ("CO_MOTIVO_CRED") REFERENCES public."TB_MOTIVO_CREDENCIAMENTO"("CO_MOTIVO_CRED") ON DELETE NO ACTION ON UPDATE NO ACTION;


--
-- PostgreSQL database dump complete
--

